{"cameraMode":{"drawMode":0,"name":"Shaded","section":"Shading Mode"},"sceneLighting":true,"audioPlay":false,"sceneViewState":{"m_AlwaysRefresh":false,"showFog":true,"showSkybox":true,"showFlares":true,"showImageEffects":true,"showParticleSystems":true,"showVisualEffectGraphs":true,"m_FxEnabled":true},"in2DMode":false,"pivot":{"x":70.99713134765625,"y":1.1370506286621094,"z":179.92784118652345},"rotation":{"x":-0.3412063419818878,"y":0.023117808625102044,"z":-0.008394445292651654,"w":-0.9396664500236511},"size":2.6273133754730226,"orthographic":false}