{"cameraMode":{"drawMode":0,"name":"Shaded","section":"Shading Mode"},"sceneLighting":false,"audioPlay":false,"sceneViewState":{"m_AlwaysRefresh":false,"showFog":true,"showSkybox":false,"showFlares":true,"showImageEffects":true,"showParticleSystems":true,"showVisualEffectGraphs":true,"m_FxEnabled":true},"in2DMode":false,"pivot":{"x":231.59815979003907,"y":3.124778985977173,"z":185.21217346191407},"rotation":{"x":-0.18793059885501862,"y":0.050652891397476199,"z":-0.009705343283712864,"w":-0.9808274507522583},"size":1.6986427307128907,"orthographic":false}