{"cameraMode":{"drawMode":0,"name":"Shaded","section":"Shading Mode"},"sceneLighting":false,"audioPlay":false,"sceneViewState":{"m_AlwaysRefresh":false,"showFog":true,"showSkybox":false,"showFlares":true,"showImageEffects":true,"showParticleSystems":true,"showVisualEffectGraphs":true,"m_FxEnabled":true},"in2DMode":false,"pivot":{"x":-4.176896095275879,"y":-0.20085261762142182,"z":-19.802072525024415},"rotation":{"x":-0.18793059885501862,"y":0.050652891397476199,"z":-0.009705343283712864,"w":-0.9808274507522583},"size":2.2968966960906984,"orthographic":false}